material,process,thickness_min_mm,thickness_max_mm,joint_types,positions,filler_category,shielding_gas,polarity,current_min_a,current_max_a,voltage_min_v,voltage_max_v,notes
Mild Steel,GMAW,3,6,Butt|Fillet|Lap|T-Joint,1G|2G|3G|1F|2F|3F,ER70-series,Argon/CO2 mixture,DCEP,90,180,18,24,Preliminary range only; verify with qualified WPS or manufacturer data
Mild Steel,GMAW,6,12,Butt|Fillet|Lap|T-Joint,1G|2G|3G|1F|2F|3F,ER70-series,Argon/CO2 mixture,DCEP,140,240,20,27,Preliminary range only; verify with qualified WPS or manufacturer data
Mild Steel,GTAW,1,6,Butt|Fillet|Lap,1G|2G|3G|1F|2F|3F,ER70-series,Argon,DCEN,50,180,10,18,Good control; production rate is generally lower than GMAW
Mild Steel,SMAW,3,12,Butt|Fillet|Lap|T-Joint,1G|2G|3G|1F|2F|3F,E7018,Not applicable,DCEP,70,180,20,28,Electrode selection and parameters must be verified against manufacturer data
Stainless Steel 304,GTAW,1,6,Butt|Fillet|Lap,1G|2G|3G|1F|2F|3F,ER308L,Argon,DCEN,40,160,9,16,Use stainless-specific filler and controlled heat input
Stainless Steel 304,GMAW,2,8,Butt|Fillet|Lap|T-Joint,1G|2G|3G|1F|2F|3F,ER308L,Argon/CO2 mixture,DCEP,70,190,16,25,Verify shielding gas and transfer mode for the application
Stainless Steel 316,GTAW,1,6,Butt|Fillet|Lap,1G|2G|3G|1F|2F|3F,ER316L,Argon,DCEN,40,160,9,16,Use stainless-specific filler and controlled heat input
Aluminum 6061,GTAW,1,6,Butt|Fillet|Lap,1G|2G|3G|1F|2F|3F,ER4043 or ER5356,Argon,AC,50,200,10,18,Exact filler depends on joint/application; verify compatibility
Aluminum 6061,GMAW,3,8,Butt|Fillet|Lap|T-Joint,1G|2G|3G|1F|2F|3F,ER4043 or ER5356,Argon,DCEP,100,250,18,28,Use aluminum wire system and verify manufacturer parameters
